{"schemaVersion":"1.0","appDefinitionTemplate":{"id":"/providers/Microsoft.PowerApps/apps/","type":"Microsoft.PowerApps/apps","tags":{"primaryDeviceWidth":"1366","primaryDeviceHeight":"768","supportsPortrait":"true","supportsLandscape":"true","primaryFormFactor":"Tablet","showStatusBar":"false","publisherVersion":"3.24014.14","minimumRequiredApiVersion":"2.2.0","hasComponent":"false","hasUnlockedComponent":"false","isUnifiedRootApp":"false","offlineLargeFilesSupport":"false","sienaVersion":"20240209T044003Z-3.24014.14.0"},"properties":{"appVersion":"2024-02-09T04:40:03Z","lifeCycleId":"Published","createdByClientVersion":{"major":3,"minor":24014,"build":14,"revision":0,"majorRevision":0,"minorRevision":0},"minClientVersion":{"major":3,"minor":24014,"build":14,"revision":0,"majorRevision":0,"minorRevision":0},"backgroundColor":"RGBA(0,176,240,1)","backgroundImageUri":"/2551758730015243975/Nf075e8ef-458a-4da0-9079-e30a4a255e40-logoSmallFile","displayName":"Timesheet App","description":"","commitMessage":"","appUris":{"documentUri":{"value":"/2551758730015243975/Nd384299d-a023-4bca-ad45-33b1bf38487a-document.msapp"},"imageUris":[],"additionalUris":[{"isSolutionAware":false,"value":"/2551758730015243975/N5f1e7152-9673-4268-b7e0-25a177a9e72b-identity.json"}]},"createdTime":"0001-01-01T00:00:00Z","lastModifiedTime":"0001-01-01T00:00:00Z","sharedGroupsCount":0,"sharedUsersCount":0,"connectionReferences":{"cb168759-5b45-4560-84fd-8ae4a86a47b9":{"id":"cb1484eb-97ee-4163-93ee-4e39a472027b","displayName":"SharePoint","iconUri":"https://connectoricons-prod.azureedge.net/releases/v1.0.1674/1.0.1674.3602/sharepointonline/icon.png","dataSources":["Timesheet Lines"],"dependencies":[],"dependents":[],"parameterHints":{},"parameterHintsV2":{},"isOnPremiseConnection":false,"dataSets":{"https://iit0-my.sharepoint.com/personal/mwaghela_hawk_iit_edu":{"dataSources":{"Timesheet Lines":{"tableName":"8881cc5e-16c4-4055-9a65-6cfee9f72cef"}}}},"apiTier":"Standard","isCustomApiConnection":false}},"databaseReferences":{},"almMode":"Environment","performanceOptimizationEnabled":true,"canConsumeAppPass":true,"enableModernRuntimeMode":false,"executionRestrictions":{"isTeamsOnly":false,"dataLossPreventionEvaluationResult":{"status":"Compliant","lastEvaluationDate":"2024-02-09T04:40:05.7613634Z","violations":[],"violationsByPolicy":[],"violationErrorMessage":"The app uses the following connectors: shared_sharepointonline."}}},"appType":"ClassicCanvasApp","appComponents":[]}}